Folder,Station,Latitude,Longitude,RecordLen_Hours,StartDate,EndDate,PC_missing_original,PC_missing_qcd,PC_removed,rain_original,rain_qcd,PC_rain_removed,QC_NYears_Q95_EQ_0,QC_NYears_Q99_EQ_0,QC_NYears_K1_EQ_0,QC_NYears_K5_EQ_0,QC_NYears_K10_EQ_0,QC_UnevenDist_DaysOfWeek,QC_UnevenDist_HoursOfDay,QC_NYears_IntermittencyIssues,QC_BreakPoint_PFlag,QC_BreakPoint_Magnitude,QC_NYears_R99pTOT_GT_50PC,QC_NYears_PRCPTOT_GT_50PC,QC_NYears_MinValChanges,QC_PC_HourlyNeighbours_HighFlag,QC_PC_HourlyNeighboursDry_HighFlag,QC_PC_DailyNeighbours_HighFlag,QC_PC_DailyNeighboursDry_HighFlag,QC_PC_HourlyNeighbours_LowerFlag,QC_PC_HourlyNeighboursDry_LowerFlag,QC_PC_DailyNeighbours_LowerFlag,QC_PC_DailyNeighboursDry_LowerFlag,QC_PC_MonthlyNeighbours_GT25PC_LE100PC_MOD,QC_PC_MonthlyNeighbours_LowTotal,QC_PC_MonthlyNeighbours_HighTotal,QC_PC_MonthlyNeighbours_HighTotal_ClimatologyOnly,QC_Num_WorldRecord_LE50PC,QC_Num_WorldRecord_GT50PC,QC_PC_Rx1day_LE50PC,QC_PC_Rx1day_GT50PC,QC_PC_CDD,QC_PC_DailyAccumulations,QC_PC_MonthlyAccumulations,QC_PC_Streaks,QC_PC_FactorMonthly,PC_Daily&MonthlyAccumulations,PC_DailyAccumulations_&_Rx1day,PC_Rx1day_&_HourlyNeighbours,PC_Rx1day_&_WorldRecordAll,PC_Rx1day_&_WorldRecordAll_&_HourlyNeighbours,PC_WorldRecordAll_&_HourlyNeighbours,PC_HourlyNeighbours_&_HourlyNeighboursDry,TotalRain,PC_rain_HourlyNeighbours,PC_rain_HourlyNeighboursDry,PC_rain_DailyNeighbours,PC_rain_DailyNeighboursDry,PC_rain_MonthlyNeighbours_GT25PC_LE100PC_MOD,PC_rain_MonthlyNeighbours_LowTotal,PC_rain_MonthlyNeighbours_HighTotal,PC_rain_MonthlyNeighbours_HighTotal_ClimatologyOnly,Rain_WorldRecord_LE50PC,Rain_WorldRecord_GT50PC,PC_rain_Rx1day_LE50PC,PC_rain_Rx1day_GT50PC,PC_rain_CDD,PC_rain_DailyAccumulations,PC_rain_MonthlyAccumulations,PC_rain_Streaks,PC_rain_FactorMonthly,PC_rain_Daily&MonthlyAccumulations,PC_rain_DailyAccumulations_&_Rx1day,PC_rain_Rx1day_&_HourlyNeighbours,PC_rain_Rx1day_&_WorldRecordAll,PC_rain_Rx1day_&_WorldRecordAll_&_HourlyNeighbours,PC_rain_WorldRecordAll_&_HourlyNeighbours,PC_rain_HourlyNeighbours_&_HourlyNeighboursDry
NED,ams1,52.3059,4.67066,18264,01/05/2016 01:00,01/06/2018 00:00,2.07512,2.07512,0,1468.54,1468.54,0,0,0,0,0,0,0,0,0,-999,nan,0,0,0,0,0,0,0,0.13141,0,0,0,0,0,0,0,0,0,0,0,0,0.78844,0,0,0,0,0,0,0,0,0,0,1468.54,0,0,0,0,0,0,0,0,0,0,0,0,0,1.16919,0,0,0,0,0,0,0,0,0,0
NED,ams10,52.25049,4.69746,18264,01/05/2016 01:00,01/06/2018 00:00,78.7177,78.7177,0,787.194,787.194,0,0,0,0,0,0,0,0,2,-999,nan,0,0,0,0,0,0,0,0,0,0,0,0,0,0,0,0,0,0,0,0,0,0,0,0,0,0,0,0,0,0,0,787.194,0,0,0,0,0,0,0,0,0,0,0,0,0,0,0,0,0,0,0,0,0,0,0,0
NED,ams100,52.42842,4.91978,18264,01/05/2016 01:00,01/06/2018 00:00,3.3399,3.3399,0,1397.436,1397.436,0,0,0,0,0,0,0,0,0,-999,nan,0,0,0,0,0,0,0,0,0,0,0,0,0,0,0,0,0,0,0,0,0.26281,0,0,0,0,0,0,0,0,0,0,1397.436,0,0,0,0,0,0,0,0,0,0,0,0,0,0.01446,0,0,0,0,0,0,0,0,0,0
NED,ams101,52.34948,4.92381,18264,01/05/2016 01:00,01/06/2018 00:00,77.35983,77.35983,0,237.148,237.148,0,0,0,0,0,0,0,0,0,-999,nan,0,0,0,0,0,0,0,0,0,0,0,0,0,0,0,0,0,0,0,0,0,0,0,0,0,0,0,0,0,0,0,237.148,0,0,0,0,0,0,0,0,0,0,0,0,0,0,0,0,0,0,0,0,0,0,0,0
NED,ams102,52.3792,4.92544,18264,01/05/2016 01:00,01/06/2018 00:00,39.53679,39.53679,0,803.657,803.657,0,0,0,0,0,0,0,0,0,-999,nan,0,0,0,0,0,0,0,0,0,0,0,0,0,0,0,0,0,0,0,0,0,0,0,0,0,0,0,0,0,0,0,803.657,0,0,0,0,0,0,0,0,0,0,0,0,0,0,0,0,0,0,0,0,0,0,0,0
NED,ams103,52.3601,4.92573,18264,01/05/2016 01:00,01/06/2018 00:00,0.86509,0.86509,0,1472.782,1472.782,0,0,0,0,0,0,0,0,0,-999,nan,0,0,0,0,0,0,0,0,2.1025,0,0,0,0,0,0,0,0,0,0,0,0.52562,0,0,0,0,0,0,0,0,0,0,1472.782,0,0,0,0,0,0,0,0,0,0,0,0,0,0.02743,0,0,0,0,0,0,0,0,0,0
NED,ams104,52.35516,4.92614,18264,01/05/2016 01:00,01/06/2018 00:00,88.79216,88.79216,0,158.166,158.166,0,0,0,0,0,0,0,0,0,-999,nan,0,0,0,0,0,0,0,0,0,0,0,0,0,0,0,0,0,0,0,0,0,0,0,0,0,0,0,0,0,0,0,158.166,0,0,0,0,0,0,0,0,0,0,0,0,0,0,0,0,0,0,0,0,0,0,0,0
NED,ams105,52.37839,4.92853,18264,01/05/2016 01:00,01/06/2018 00:00,13.0092,16.36005,3.35085,111172.72,2310.072,97.92209,0,0,0,0,0,0,0,0,-999,nan,1,1,0,0,0,0,0,0,0,0,0,0,0,0,0,63,195,0.07118,3.02781,0,0,0,1.56045,0,0,0,0,0,0,0,0,2310.072,0,0,0,0,0,0,0,0,0,0,0,0,0,0,0,0,0,0,0,0,0,0,0,0
NED,ams106,52.36428,4.92897,18264,01/05/2016 01:00,01/06/2018 00:00,9.43386,9.43386,0,1422.787,1422.787,0,0,0,0,0,0,0,0,0,-999,nan,0,0,0,0,0,0,0,0,0,0,0,0,0,0,0,0,0,0,0,0,0.26281,0,0,0,0,0,0,0,0,0,0,1422.787,0,0,0,0,0,0,0,0,0,0,0,0,0,0.84475,0,0,0,0,0,0,0,0,0,0
NED,ams107,52.39224,4.9297,18264,01/05/2016 01:00,01/06/2018 00:00,3.93123,3.93123,0,2068.777,2069.02026,0.01176,0,0,0,0,0,0,0,0,-999,nan,0,0,0,0,0,0,0,0.13141,0,0,0,0,0,0,0,0,0,0,0,0,0,0,0,0,0,0,0,0,0,0,0,2069.02026,0,0,0,0,0,0,0,0,0,0,0,0,0,0,0,0,0,0,0,0,0,0,0,0
NED,ams108,52.40145,4.94701,18264,01/05/2016 01:00,01/06/2018 00:00,0.58585,0.58585,0,1689.932,1689.932,0,0,0,0,0,0,0,0,0,-999,nan,0,0,0,0,0,0,0,0,0,0,0,0,0,0,0,0,0,0,0,0,0.13141,0,0,0,0,0,0,0,0,0,0,1689.932,0,0,0,0,0,0,0,0,0,0,0,0,0,0.37652,0,0,0,0,0,0,0,0,0,0
NED,ams109,52.31824,4.95428,18264,01/05/2016 01:00,01/06/2018 00:00,80.49715,80.49715,0,376.73,376.73,0,0,0,0,0,0,0,0,1,-999,nan,0,0,0,0,0,0,0,0,0,0,0,0,0,0,0,0,0,0,0,0,0,0,0,0,0,0,0,0,0,0,0,376.73,0,0,0,0,0,0,0,0,0,0,0,0,0,0,0,0,0,0,0,0,0,0,0,0
NED,ams11,52.24811,4.70326,18264,01/05/2016 01:00,01/06/2018 00:00,0.29019,100,99.70981,0,0,nan,3,3,3,3,3,0,0,0,-999,nan,0,0,0,0,0,0,0,0,0,0,0,0,0,0,0,0,0,0,0,99.70981,0,0,0,0,0,0,0,0,0,0,0,0,nan,nan,nan,nan,nan,nan,nan,nan,0,0,nan,nan,nan,nan,nan,nan,nan,nan,nan,nan,nan,nan,nan,nan
NED,ams110,52.33408,4.95708,18264,01/05/2016 01:00,01/06/2018 00:00,91.06439,91.06439,0,124.836,124.836,0,0,0,0,0,0,0,0,1,-999,nan,0,0,0,0,0,0,0,0,0,0,0,0,0,0,0,0,0,0,0,0,0,0,0,0,0,0,0,0,0,0,0,124.836,0,0,0,0,0,0,0,0,0,0,0,0,0,0,0,0,0,0,0,0,0,0,0,0
NED,ams111,52.33424,4.9592,18264,01/05/2016 01:00,01/06/2018 00:00,44.93539,44.93539,0,1231.695,1231.695,0,0,0,0,0,0,0,0,0,-999,nan,0,0,0,0,0,0,0,0.26281,0,0,0,0,0,0,0,0,0,0,0,0,0,0,0,0,0,0,0,0,0,0,0,1231.695,0,0,0,0,0,0,0,0,0,0,0,0,0,0,0,0,0,0,0,0,0,0,0,0
NED,ams112,52.34162,4.95946,18264,01/05/2016 01:00,01/06/2018 00:00,10.10731,10.10731,0,717.645,717.80647,0.0225,1,0,0,0,0,0,0,0,-999,nan,0,0,0,0,0,0,0,0,0,0,0,0,0,0,0,0,0,0,0,0,0.39422,0,0,0,0,0,0,0,0,0,0,717.80647,0,0,0,0,0,0,0,0,0,0,0,0,0,0.98536,0,0,0,0,0,0,0,0,0,0
NED,ams113,52.33706,4.9621,18264,01/05/2016 01:00,01/06/2018 00:00,78.99693,78.99693,0,353.702,353.702,0,0,0,0,0,0,0,0,0,-999,nan,0,0,0,0,0,0,0,0,0,0,0,0,0,0,0,0,0,0,0,0,0,0,0,0,0,0,0,0,0,0,0,353.702,0,0,0,0,0,0,0,0,0,0,0,0,0,0,0,0,0,0,0,0,0,0,0,0
NED,ams114,52.33636,4.9623,18264,01/05/2016 01:00,01/06/2018 00:00,41.97876,41.97876,0,1294.012,1294.012,0,0,0,0,0,0,0,0,0,-999,nan,0,0,0,0,0,0,0,0,0,0,0,0,0,0,0,0,0,0,0,0,0,0,0,0,0,0,0,0,0,0,0,1294.012,0,0,0,0,0,0,0,0,0,0,0,0,0,0,0,0,0,0,0,0,0,0,0,0
NED,ams115,52.33729,4.96429,18264,01/05/2016 01:00,01/06/2018 00:00,2.00942,2.00942,0,1413.596,1413.596,0,0,0,0,0,0,0,0,0,-999,nan,0,0,0,0,0,0,0,0,0,0,0,0,0,0,0,0,0,0,0,0,0,0,0,0,0,0,0,0,0,0,0,1413.596,0,0,0,0,0,0,0,0,0,0,0,0,0,0,0,0,0,0,0,0,0,0,0,0
NED,ams116,52.27151,4.96443,18264,01/05/2016 01:00,01/06/2018 00:00,37.18244,37.24814,0.0657,1469.146,1391.881,5.25918,0,0,0,0,0,0,0,1,-999,nan,0,0,0,0.26281,0,0,0,0.13141,0,0,0,0,0,0,0,0,0,0,0,0,0,0,0,0,0,0,0,0,0,0,0,1391.881,0.80546,0,0,0,0,0,0,0,0,0,0,0,0,0,0,0,0,0,0,0,0,0,0,0
NED,ams117,52.38196,4.96511,18264,01/05/2016 01:00,01/06/2018 00:00,21.60534,21.60534,0,962.126,962.126,0,0,0,0,0,0,0,0,1,-999,nan,0,0,0,0,0,0,0,0,0,0,0,0,0,0,0,0,0,0,0,0,0.39422,0,0,0,0,0,0,0,0,0,0,962.126,0,0,0,0,0,0,0,0,0,0,0,0,0,0.80831,0,0,0,0,0,0,0,0,0,0
NED,ams118,52.26947,4.96674,18264,01/05/2016 01:00,01/06/2018 00:00,80.51905,80.51905,0,326.937,326.937,0,0,0,0,0,0,0,0,0,-999,nan,0,0,0,0,0,0,0,0,0,0,0,0,0,0,0,0,0,0,0,0,0,0,0,0,0,0,0,0,0,0,0,326.937,0,0,0,0,0,0,0,0,0,0,0,0,0,0,0,0,0,0,0,0,0,0,0,0
NED,ams119,52.3348,4.96963,18264,01/05/2016 01:00,01/06/2018 00:00,66.16294,66.16294,0,967.883,967.883,0,0,0,0,0,0,0,0,2,-999,nan,0,0,0,0,0,0,0,0,0,0,0,0,0,0,0,0,0,0,0,0,0,0,0,0,0,0,0,0,0,0,0,967.883,0,0,0,0,0,0,0,0,0,0,0,0,0,0,0,0,0,0,0,0,0,0,0,0
NED,ams12,52.26693,4.71668,18264,01/05/2016 01:00,01/06/2018 00:00,33.37166,33.37166,0,847.39,847.39,0,0,0,0,0,0,0,0,0,-999,nan,0,0,0,0,0,0,0,0.65703,0,0,0,0,0,0,0,0,0,0,0,0,0.13141,0,0,0,0,0,0,0,0,0,0,847.39,0,0,0,0,0,0,0,0,0,0,0,0,0,0.6913,0,0,0,0,0,0,0,0,0,0
NED,ams120,52.35351,4.97125,18264,01/05/2016 01:00,01/06/2018 00:00,52.06965,52.06965,0,1194.83,1194.83,0,0,0,0,0,0,0,0,0,-999,nan,0,0,0,0,0,0,0,0,0,0,0,0,0,0,0,0,0,0,0,0,0.52562,0,0,0,0,0,0,0,0,0,0,1194.83,0,0,0,0,0,0,0,0,0,0,0,0,0,0.03381,0,0,0,0,0,0,0,0,0,0
NED,ams121,52.30029,4.97133,18264,01/05/2016 01:00,01/06/2018 00:00,0.35042,0.35042,0,1519.04,1519.04,0,0,0,0,0,0,0,0,0,-999,nan,0,0,0,0,0,0,0,0,0,0,0,0,0,0,0,0,0,0,0,0,0.52562,0,0,0,0,0,0,0,0,0,0,1519.04,0,0,0,0,0,0,0,0,0,0,0,0,0,1.05053,0,0,0,0,0,0,0,0,0,0
NED,ams122,52.29967,4.97138,18264,01/05/2016 01:00,01/06/2018 00:00,65.42378,65.42378,0,1003.637,1003.637,0,0,0,0,0,0,0,0,1,-999,nan,0,0,0,0,0,0,0,0,0,0,0,0,0,0,0,0,0,0,0,0,0.26281,0,0,0,0,0,0,0,0,0,0,1003.637,0,0,0,0,0,0,0,0,0,0,0,0,0,0.02013,0,0,0,0,0,0,0,0,0,0
NED,ams123,52.32541,4.97427,18264,01/05/2016 01:00,01/06/2018 00:00,4.3364,4.37473,0.03833,1982.731,1943.543,1.97647,0,0,0,0,0,0,0,0,-999,nan,0,0,0,0.13141,0,0,0,0.26281,0,0,0,0,0,0,0,0,0,0,0,0,0.52562,0,0,0,0,0,0,0,0,0,0,1943.543,0.27542,0,0,0,0,0,0,0,0,0,0,0,0,1.21083,0,0,0,0,0,0,0,0,0,0
NED,ams124,52.26782,4.97452,18264,01/05/2016 01:00,01/06/2018 00:00,3.44393,12.37954,8.93561,1532.877,1532.877,0,1,0,0,0,0,0,0,0,-999,nan,0,0,0,0,6.04468,0,0,0.26281,0,0,0,0,0,0,0,0,0,0,0,8.93561,0,0,0,0,0,0,0,0,0,0,0,1532.877,0,0,0,0,0,0,0,0,0,0,0,0,0,0,0,0,0,0,0,0,0,0,0,0
NED,ams125,52.32655,4.97876,18264,01/05/2016 01:00,01/06/2018 00:00,31.417,31.417,0,1248.562,1248.562,0,0,0,0,0,0,0,0,2,-999,nan,0,0,0,0,0,0,0,0,0,0,0,0,0,0,0,0,0,0,0,0,0,0,0,0,0,0,0,0,0,0,0,1248.562,0,0,0,0,0,0,0,0,0,0,0,0,0,0,0,0,0,0,0,0,0,0,0,0
NED,ams126,52.36058,4.97954,18264,01/05/2016 01:00,01/06/2018 00:00,8.93014,9.05607,0.12593,2507.297,2407.75883,3.96994,0,0,0,0,0,0,0,0,-999,nan,1,0,0,0,0,0,0,0,0,0,0,0,0,0,0,0,0,0.01643,0.10951,0,0.52562,0,0,0,0,0,0,0,0,0,0,2407.75883,0,0,0,0,0,0,0,0,0,0,0,0,0,0.0358,0,0,0,0,0,0,0,0,0,0
NED,ams127,52.24767,4.99407,18264,01/05/2016 01:00,01/06/2018 00:00,8.16908,8.16908,0,1438.442,1438.442,0,0,0,0,0,0,0,0,1,-999,nan,0,0,0,0,0,0,0,0,0,0,0,0,0,0,0,0,0,0,0,0,0,0,0,0,0,0,0,0,0,0,0,1438.442,0,0,0,0,0,0,0,0,0,0,0,0,0,0,0,0,0,0,0,0,0,0,0,0
NED,ams128,52.42701,4.99602,18264,01/05/2016 01:00,01/06/2018 00:00,30.17959,30.19601,0.01643,1384.609,1354.006,2.21023,0,0,0,0,0,0,0,0,-999,nan,0,0,0,0.13141,0,0,0,0.39422,0,0,0,0,0,0,0,0,0,0,0,0,0,0,0,0,0,0,0,0,0,0,0,1354.006,0.32821,0,0,0,0,0,0,0,0,0,0,0,0,0,0,0,0,0,0,0,0,0,0,0
NED,ams129,52.2629,5.02807,18264,01/05/2016 01:00,01/06/2018 00:00,86.65681,86.65681,0,192.809,192.809,0,0,0,0,0,0,0,0,1,-999,nan,0,0,0,0,0,0,0,0,0,0,0,0,0,0,0,0,0,0,0,0,0,0,0,0,0,0,0,0,0,0,0,192.809,0,0,0,0,0,0,0,0,0,0,0,0,0,0,0,0,0,0,0,0,0,0,0,0
NED,ams13,52.26075,4.72102,18264,01/05/2016 01:00,01/06/2018 00:00,1.0403,1.0403,0,1619.636,1619.636,0,0,0,0,0,0,0,0,1,-999,nan,0,0,0,0,0,0,0,0,0,0,0,0,0,0,0,0,0,0,0,0,0.78844,0,0,0,0,0,0,0,0,0,0,1619.636,0,0,0,0,0,0,0,0,0,0,0,0,0,0.90422,0,0,0,0,0,0,0,0,0,0
NED,ams130,52.31311,5.03076,18264,01/05/2016 01:00,01/06/2018 00:00,93.73631,93.73631,0,58.176,58.176,0,0,0,0,0,0,0,0,0,-999,nan,0,0,0,0,0,0,0,0,0,0,0,0,0,0,0,0,0,0,0,0,0,0,0,0,0,0,0,0,0,0,0,58.176,0,0,0,0,0,0,0,0,0,0,0,0,0,0,0,0,0,0,0,0,0,0,0,0
NED,ams131,52.30725,5.03203,18264,01/05/2016 01:00,01/06/2018 00:00,78.21945,78.21945,0,289.87,289.87,0,0,0,0,0,0,0,0,0,-999,nan,0,0,0,0,0,0,0,0,0,0,0,0,0,0,0,0,0,0,0,0,0.26281,0,0,0,0,0,0,0,0,0,0,289.87,0,0,0,0,0,0,0,0,0,0,0,0,0,0.13937,0,0,0,0,0,0,0,0,0,0
NED,ams132,52.43142,5.03566,18264,01/05/2016 01:00,01/06/2018 00:00,46.2385,46.2385,0,816.888,816.888,0,0,0,0,0,0,0,0,0,-999,nan,0,0,0,0,0,0,0,0,0,0,0,0,0,0,0,0,0,0,0,0,0.26281,0,0,0,0,0,0,0,0,0,0,816.888,0,0,0,0,0,0,0,0,0,0,0,0,0,0.14837,0,0,0,0,0,0,0,0,0,0
NED,ams133,52.30169,5.04116,18264,01/05/2016 01:00,01/06/2018 00:00,45.55957,45.55957,0,856.48,856.48,0,0,0,0,0,0,0,0,0,-999,nan,0,0,0,0,0,0,0,0.39422,0,0,0,0,0,0,0,0,0,0,0,0,0.26281,0,0,0,0,0,0,0,0,0,0,856.48,0,0,0,0,0,0,0,0,0,0,0,0,0,0.10613,0,0,0,0,0,0,0,0,0,0
NED,ams134,52.26345,5.04502,18264,01/05/2016 01:00,01/06/2018 00:00,0.01643,0.01643,0,1702.355,1702.355,0,0,0,0,0,0,0,0,0,-999,nan,0,0,0,0,0,0,0,0,0,0,0,0,0,0,0,0,0,0,0,0,0.52562,0,0,0,0,0,0,0,0,0,0,1702.355,0,0,0,0,0,0,0,0,0,0,0,0,0,0.97894,0,0,0,0,0,0,0,0,0,0
NED,ams14,52.38318,4.72664,18264,01/05/2016 01:00,01/06/2018 00:00,1.0622,1.0622,0,1698.113,1698.113,0,0,0,0,0,0,0,0,1,-999,nan,0,0,0,0,0,0,0,0,0,0,0,0,0,0,0,0,0,0,0,0,0.13141,0,0,0,0,0,0,0,0,0,0,1698.113,0,0,0,0,0,0,0,0,0,0,0,0,0,0.33902,0,0,0,0,0,0,0,0,0,0
NED,ams15,52.2609,4.72948,18264,01/05/2016 01:00,01/06/2018 00:00,6.80574,6.81669,0.01095,1356.935,1334.614,1.64496,0,0,0,0,0,0,0,0,-999,nan,0,0,0,0.13141,3.28515,0,0,0.39422,0,0,0,0,0,0,0,0,0,0,0,0,0.26281,0,0,0,0,0,0,0,0,0,0,1334.614,0.17406,0,0,0,0,0,0,0,0,0,0,0,0,0.94597,0,0,0,0,0,0,0,0,0,0
NED,ams16,52.37954,4.74437,18264,01/05/2016 01:00,01/06/2018 00:00,52.04774,52.05869,0.01095,2952.634,1234.523,58.18909,1,0,0,0,0,0,0,2,-999,nan,2,1,0,0,0,0,0,0,0,0,0,0,0,0,0,0,1,0.00548,0,0,0.13141,0,0,0,0,0,0,0,0,0,0,1234.523,0,0,0,0,0,0,0,0,0,0,0,0,0,0.49906,0,0,0,0,0,0,0,0,0,0
NED,ams17,52.37422,4.74641,18264,01/05/2016 01:00,01/06/2018 00:00,1.05125,1.05125,0,1328.049,1328.049,0,0,0,0,0,0,0,0,0,-999,nan,0,0,0,0,0,0,0,0,0,0,0,0,0,0,0,0,0,0,0,0,0.39422,0,0,0,0,0,0,0,0,0,0,1328.049,0,0,0,0,0,0,0,0,0,0,0,0,0,0.60081,0,0,0,0,0,0,0,0,0,0
NED,ams18,52.38583,4.7501,18264,01/05/2016 01:00,01/06/2018 00:00,5.9516,5.9516,0,1725.585,1725.585,0,0,0,0,0,0,0,0,0,-999,nan,0,0,0,0,0,0,0,0,0,0,0,0,0,0,0,0,0,0,0,0,0.52562,0,0,0,0,0,0,0,0,0,0,1725.585,0,0,0,0,0,0,0,0,0,0,0,0,0,1.86713,0,0,0,0,0,0,0,0,0,0
NED,ams19,52.35162,4.75687,18264,01/05/2016 01:00,01/06/2018 00:00,3.04424,3.10994,0.0657,1367.035,1316.232,3.71629,0,0,0,0,0,0,0,0,-999,nan,0,0,0,0.26281,0,0,0,0.39422,0,0,0,0,0,0,0,0,0,0,0,0,0.26281,0,0,0,0,0,0,0,0,0,0,1316.232,0.22253,0,0,0,0,0,0,0,0,0,0,0,0,1.23542,0,0,0,0,0,0,0,0,0,0
NED,ams2,52.30204,4.67494,18264,01/05/2016 01:00,01/06/2018 00:00,11.94152,11.94152,0,1487.023,1487.023,0,0,0,0,0,0,0,0,0,-999,nan,0,0,0,0,0,0,0,0,0,0,0,0,0,0,0,0,0,0,0,0,0.13141,0,0,0,0,0,0,0,0,0,0,1487.023,0,0,0,0,0,0,0,0,0,0,0,0,0,0.44828,0,0,0,0,0,0,0,0,0,0
NED,ams20,52.27628,4.76169,18264,01/05/2016 01:00,01/06/2018 00:00,23.59834,23.59834,0,1205.132,1205.132,0,0,0,0,0,0,0,0,0,-999,nan,0,0,0,0,0,0,0,0.13141,0,0,0,0,0,0,0,0,0,0,0,0,0.52562,0,0,0,0,0,0,0,0,0,0,1205.132,0,0,0,0,0,0,0,0,0,0,0,0,0,1.25712,0,0,0,0,0,0,0,0,0,0
NED,ams21,52.25582,4.7631,18264,01/05/2016 01:00,01/06/2018 00:00,5.76544,5.76544,0,1776.085,1776.085,0,0,0,0,0,0,0,0,0,-999,nan,0,0,0,0,0,0,0,0,0,0,0,0,0,0,0,0,0,0,0,0,1.44547,0,0,0,0,0,0,0,0,0,0,1776.085,0,0,0,0,0,0,0,0,0,0,0,0,0,2.18937,0,0,0,0,0,0,0,0,0,0
NED,ams22,52.43209,4.77927,18264,01/05/2016 01:00,01/06/2018 00:00,0.21353,0.21353,0,1488.336,1488.336,0,0,0,0,0,0,0,0,0,-999,nan,0,0,0,0,0,0,0,0.13141,0,0,0,0,0,0,0,0,0,0,0,0,0.65703,0,0,0,0,0,0,0,0,0,0,1488.336,0,0,0,0,0,0,0,0,0,0,0,0,0,0.47503,0,0,0,0,0,0,0,0,0,0
NED,ams23,52.34437,4.78131,18264,01/05/2016 01:00,01/06/2018 00:00,0.11498,0.11498,0,1896.376,1896.376,0,0,0,0,0,0,0,0,0,-999,nan,0,0,0,0,0,0,0,0,0,0,0,0,0,0,0,0,0,0,0,0,0.52562,0,0,0,0,0,0,0,0,0,0,1896.376,0,0,0,0,0,0,0,0,0,0,0,0,0,0.71368,0,0,0,0,0,0,0,0,0,0
NED,ams24,52.27914,4.78343,18264,01/05/2016 01:00,01/06/2018 00:00,4.98795,4.98795,0,1989.192,1989.44034,0.01248,0,0,0,0,0,0,0,1,-999,nan,0,0,0,0,0,0,0,0.13141,0,0,0,0,0,0,0,0,0,0,0,0,0.26281,0,0,0,0,0,0,0,0,0,0,1989.44034,0,0,0,0,0,0,0,0,0,0,0,0,0,0.01177,0,0,0,0,0,0,0,0,0,0
NED,ams25,52.36049,4.78977,18264,01/05/2016 01:00,01/06/2018 00:00,0.93079,0.93079,0,708.616,708.616,0,1,0,0,0,0,0,0,0,-999,nan,0,0,0,0,0,0,0,0,0,0,0,0,0,0,0,0,0,0,0,0,0.26281,0,0,0,0,0,0,0,0,0,0,708.616,0,0,0,0,0,0,0,0,0,0,0,0,0,1.65336,0,0,0,0,0,0,0,0,0,0
NED,ams26,52.27778,4.7951,18264,01/05/2016 01:00,01/06/2018 00:00,0.33947,0.33947,0,1503.89,1503.89,0,0,0,0,0,0,0,0,0,-999,nan,0,0,0,0,0,0,0,0.13141,0,0,0,0,0,0,0,0,0,0,0,0,0.52562,0,0,0,0,0,0,0,0,0,0,1503.89,0,0,0,0,0,0,0,0,0,0,0,0,0,0.10074,0,0,0,0,0,0,0,0,0,0
NED,ams27,52.37935,4.80229,18264,01/05/2016 01:00,01/06/2018 00:00,0.25734,0.25734,0,1542.472,1542.472,0,0,0,0,0,0,0,0,1,-999,nan,0,0,0,0,0,0,0,0.26281,2.1025,0,0,0,0,0,0,0,0,0,0,0,0.13141,0,0,0,0,0,0,0,0,0,0,1542.472,0,0,0,0,0,0,0,0,0,0,0,0,0,0.39942,0,0,0,0,0,0,0,0,0,0
NED,ams28,52.35543,4.80536,18264,01/05/2016 01:00,01/06/2018 00:00,0.20258,0.20258,0,1568.126,1568.126,0,0,0,0,0,0,0,0,0,-999,nan,0,0,0,0,0,0,0,0.13141,0,0,0,0,0,0,0,0,0,0,0,0,0.39422,0,0,0,0,0,0,0,0,0,0,1568.126,0,0,0,0,0,0,0,0,0,0,0,0,0,0.56679,0,0,0,0,0,0,0,0,0,0
NED,ams29,52.43359,4.80549,18264,01/05/2016 01:00,01/06/2018 00:00,15.20477,28.21397,13.0092,1484.397,1447.431,2.4903,0,0,0,0,0,0,0,0,-999,nan,0,0,0,0.13141,11.69514,0,0,0.39422,0,0,0,0,0,0,0,0,0,0,0,12.9654,0.39422,0,0,0,0,0,0,0,0,0,0,1447.431,0.16747,0,0,0,0,0,0,0,0,0,0,0,0,0.57916,0,0,0,0,0,0,0,0,0,0
NED,ams3,52.30843,4.67727,18264,01/05/2016 01:00,01/06/2018 00:00,1.39071,1.39071,0,1461.987,1462.30982,0.02208,0,0,0,0,0,0,0,1,-999,nan,0,0,0,0,0,0,0,0.26281,0,0,0,0,0,0,0,0,0,0,0,0,0.65703,0,0,0,0,0,0,0,0,0,0,1462.30982,0,0,0,0,0,0,0,0,0,0,0,0,0,1.96052,0,0,0,0,0,0,0,0,0,0
NED,ams30,52.35529,4.80853,18264,01/05/2016 01:00,01/06/2018 00:00,0.88152,0.88152,0,1457.531,1457.531,0,0,0,0,0,0,0,0,0,-999,nan,0,0,0,0,0,0,0,0,0,0,0,0,0,0,0,0,0,0,0,0,0.39422,0,0,0,0,0,0,0,0,0,0,1457.531,0,0,0,0,0,0,0,0,0,0,0,0,0,1.37898,0,0,0,0,0,0,0,0,0,0
NED,ams31,52.35273,4.80871,18264,01/05/2016 01:00,01/06/2018 00:00,0.76654,0.76654,0,1752.754,1752.754,0,0,0,0,0,0,0,0,2,-999,nan,0,0,0,0,0,0,0,0,0,0,0,0,0,0,0,0,0,0,0,0,0.26281,0,0,0,0,0,0,0,0,0,0,1752.754,0,0,0,0,0,0,0,0,0,0,0,0,0,0.95079,0,0,0,0,0,0,0,0,0,0
NED,ams32,52.34568,4.80967,18264,01/05/2016 01:00,01/06/2018 00:00,0.01643,0.01643,0,1060.904,1060.904,0,0,0,0,0,0,0,0,0,-999,nan,0,0,0,0,0,0,0,0,0,0,0,0,0,0,0,0,0,0,0,0,0.26281,0,0,0,0,0,0,0,0,0,0,1060.904,0,0,0,0,0,0,0,0,0,0,0,0,0,0.01904,0,0,0,0,0,0,0,0,0,0
NED,ams33,52.35593,4.81539,18264,01/05/2016 01:00,01/06/2018 00:00,49.5346,49.5346,0,684.477,684.477,0,0,0,0,0,0,0,0,0,-999,nan,0,0,0,0,0,0,0,0,0,0,0,0,0,0,0,0,0,0,0,0,0.13141,0,0,0,0,0,0,0,0,0,0,684.477,0,0,0,0,0,0,0,0,0,0,0,0,0,1.01815,0,0,0,0,0,0,0,0,0,0
NED,ams34,52.27835,4.81592,18264,01/05/2016 01:00,01/06/2018 00:00,7.0795,7.0795,0,1502.274,1502.274,0,0,0,0,0,0,0,0,0,-999,nan,0,0,0,0,0,0,0,0.13141,0,0,0,0,0,0,0,0,0,0,0,0,0.52562,0,0,0,0,0,0,0,0,0,0,1502.274,0,0,0,0,0,0,0,0,0,0,0,0,0,1.12276,0,0,0,0,0,0,0,0,0,0
NED,ams35,52.27971,4.81805,18264,01/05/2016 01:00,01/06/2018 00:00,11.96343,11.96343,0,1446.605,1446.51306,0.00636,0,0,0,0,0,0,0,0,-999,nan,0,0,0,0,0,0,0,0,2.1025,0,0,0,0,0,0,0,0,0,0,0,0.13141,0,0,0,0,0,0,0,0,0,0,1446.51306,0,0,0,0,0,0,0,0,0,0,0,0,0,0.5153,0,0,0,0,0,0,0,0,0,0
NED,ams36,52.28312,4.82096,18264,01/05/2016 01:00,01/06/2018 00:00,85.68769,85.68769,0,162.757,162.77954,0.01385,0,0,0,0,0,0,0,0,-999,nan,0,0,0,0,0,0,0,0,0,0,0,0,0,0,0,0,0,0,0,0,0.13141,0,0,0,0,0,0,0,0,0,0,162.77954,0,0,0,0,0,0,0,0,0,0,0,0,0,6.82805,0,0,0,0,0,0,0,0,0,0
NED,ams37,52.43689,4.82395,18264,01/05/2016 01:00,01/06/2018 00:00,33.94656,33.94656,0,1062.621,1062.621,0,0,0,0,0,0,0,0,3,-999,nan,0,0,0,0,0,0,0,0,0,0,0,0,0,0,0,0,0,0,0,0,0.13141,0,0,0,0,0,0,0,0,0,0,1062.621,0,0,0,0,0,0,0,0,0,0,0,0,0,0.70336,0,0,0,0,0,0,0,0,0,0
NED,ams38,52.43183,4.83025,18264,01/05/2016 01:00,01/06/2018 00:00,0.94174,1.47284,0.5311,2641.756,1847.391,30.06958,0,0,0,0,0,0,0,0,-999,nan,2,0,0,0,1.97109,0,0,0,0,0,0,0,0,0,0,0,0,0.26281,0.26829,0,0.52562,0,0,0,0,0.07118,0,0,0,0,0,1847.391,0,0,0,0,0,0,0,0,0,0,0,0,0,6.8613,0,0,0,0,0,0,0,0,0,0
NED,ams39,52.28069,4.83139,18264,01/05/2016 01:00,01/06/2018 00:00,4.8894,4.8894,0,1337.038,1337.038,0,0,0,0,0,0,0,0,2,-999,nan,0,0,0,0,0,0,0,0.13141,0,0,0,0,0,0,0,0,0,0,0,0,0.52562,0,0,0,0,0,0,0,0,0,0,1337.038,0,0,0,0,0,0,0,0,0,0,0,0,0,1.49569,0,0,0,0,0,0,0,0,0,0
NED,ams4,52.34601,4.67755,18264,01/05/2016 01:00,01/06/2018 00:00,29.48971,29.48971,0,1299.264,1299.264,0,0,0,0,0,0,0,0,2,-999,nan,0,0,0,0,0,0,0,0,0,0,0,0,0,0,0,0,0,0,0,0,0,0,0,0,0,0,0,0,0,0,0,1299.264,0,0,0,0,0,0,0,0,0,0,0,0,0,0,0,0,0,0,0,0,0,0,0,0
NED,ams40,52.29268,4.83822,18264,01/05/2016 01:00,01/06/2018 00:00,47.42116,47.42116,0,701.748,701.748,0,0,0,0,0,0,0,0,0,-999,nan,0,0,0,0,0,0,0,0,0,0,0,0,0,0,0,0,0,0,0,0,0.13141,0,0,0,0,0,0,0,0,0,0,701.748,0,0,0,0,0,0,0,0,0,0,0,0,0,0.93552,0,0,0,0,0,0,0,0,0,0
NED,ams41,52.38766,4.84073,18264,01/05/2016 01:00,01/06/2018 00:00,90.91656,99.08016,8.1636,18.281,17.776,2.76243,2,1,0,1,1,0,0,0,-999,nan,0,0,0,0,0,0,0,0,0,0,0,0,0,0,0,0,0,0,0,6.04468,0,0,0,0,0,0,0,0,0,0,0,17.776,0,0,0,0,0,0,0,0,0,0,0,0,0,0,0,0,0,0,0,0,0,0,0,0
NED,ams42,52.36617,4.84121,18264,01/05/2016 01:00,01/06/2018 00:00,11.81559,11.81559,0,2282.701,2282.701,0,0,0,0,0,0,0,0,3,-999,nan,0,0,0,0,0,0,0,0,0,0,0,0,0,0,0,0,0,0,0,0,0.65703,0,0,0,0,0,0,0,0,0,0,2282.701,0,0,0,0,0,0,0,0,0,0,0,0,0,1.8185,0,0,0,0,0,0,0,0,0,0
NED,ams43,52.31556,4.84439,18264,01/05/2016 01:00,01/06/2018 00:00,8.28406,8.32786,0.0438,1605.597,765.277,52.33692,0,0,0,0,0,0,0,2,-999,nan,1,0,0,0,0,0,0,0,0,0,0,0,0,0,0,0,1,0,0.03833,0,0.52562,0,0,0,0,0,0,0,0,0,0,765.277,0,0,0,0,0,0,0,0,0,0,0,0,0,0.05279,0,0,0,0,0,0,0,0,0,0
NED,ams44,52.35615,4.84575,18264,01/05/2016 01:00,01/06/2018 00:00,42.3675,42.3675,0,809.919,809.919,0,0,0,0,0,0,0,0,3,-999,nan,0,0,0,0,0,0,0,0,0,0,0,0,0,0,0,0,0,0,0,0,0,0,0,0,0,0,0,0,0,0,0,809.919,0,0,0,0,0,0,0,0,0,0,0,0,0,0,0,0,0,0,0,0,0,0,0,0
NED,ams45,52.35368,4.84661,18264,01/05/2016 01:00,01/06/2018 00:00,97.14739,97.14739,0,24.038,24.038,0,1,0,0,0,0,0,0,0,-999,nan,0,0,0,0,0,0,0,0,0,0,0,0,0,0,0,0,0,0,0,0,0,0,0,0,0,0,0,0,0,0,0,24.038,0,0,0,0,0,0,0,0,0,0,0,0,0,0,0,0,0,0,0,0,0,0,0,0
NED,ams46,52.35676,4.84722,18264,01/05/2016 01:00,01/06/2018 00:00,96.85173,96.85173,0,83.729,83.729,0,0,0,0,0,0,0,0,0,-999,nan,0,0,0,0,0,0,0,0,0,0,0,0,0,0,0,0,0,0,0,0,0,0,0,0,0,0,0,0,0,0,0,83.729,0,0,0,0,0,0,0,0,0,0,0,0,0,0,0,0,0,0,0,0,0,0,0,0
NED,ams47,52.34474,4.85252,18264,01/05/2016 01:00,01/06/2018 00:00,34.06702,34.06702,0,1112.111,1112.111,0,0,0,0,0,0,0,0,1,-999,nan,0,0,0,0,0,0,0,0,0,0,0,0,0,0,0,0,0,0,0,0,0,0,0,0,0,0,0,0,0,0,0,1112.111,0,0,0,0,0,0,0,0,0,0,0,0,0,0,0,0,0,0,0,0,0,0,0,0
NED,ams48,52.34478,4.85283,18264,01/05/2016 01:00,01/06/2018 00:00,62.12768,62.12768,0,1044.744,1044.744,0,0,0,0,0,0,0,0,0,-999,nan,0,0,0,0,0,0,0,0,0,0,0,0,0,0,0,0,0,0,0,0,0,0,0,0,0,0,0,0,0,0,0,1044.744,0,0,0,0,0,0,0,0,0,0,0,0,0,0,0,0,0,0,0,0,0,0,0,0
NED,ams49,52.32434,4.85752,18264,01/05/2016 01:00,01/06/2018 00:00,52.84166,52.84166,0,723.867,723.867,0,0,0,0,0,0,0,0,2,-999,nan,0,0,0,0,0,0,0,0,0,0,0,0,0,0,0,0,0,0,0,0,0,0,0,0,0,0,0,0,0,0,0,723.867,0,0,0,0,0,0,0,0,0,0,0,0,0,0,0,0,0,0,0,0,0,0,0,0
NED,ams5,52.31857,4.67859,18264,01/05/2016 01:00,01/06/2018 00:00,21.22208,21.22208,0,1284.215,1284.215,0,0,0,0,0,0,0,0,1,-999,nan,0,0,0,0,0,0,0,0,0,0,0,0,0,0,0,0,0,0,0,0,0.26281,0,0,0,0,0,0,0,0,0,0,1284.215,0,0,0,0,0,0,0,0,0,0,0,0,0,0.02359,0,0,0,0,0,0,0,0,0,0
NED,ams50,52.31169,4.86179,18264,01/05/2016 01:00,01/06/2018 00:00,3.8272,3.8272,0,1217.959,1217.959,0,0,0,0,0,0,0,0,0,-999,nan,0,0,0,0,0,0,0,0.13141,2.1025,0,0,0,0,0,0,0,0,0,0,0,0,0,0,0,0,0,0,0,0,0,0,1217.959,0,0,0,0,0,0,0,0,0,0,0,0,0,0,0,0,0,0,0,0,0,0,0,0
NED,ams51,52.37437,4.8619,18264,01/05/2016 01:00,01/06/2018 00:00,55.14674,55.14674,0,1030.301,1030.301,0,0,0,0,0,0,0,0,0,-999,nan,0,0,0,0,0,0,0,0,0,0,0,0,0,0,0,0,0,0,0,0,0.26281,0,0,0,0,0,0,0,0,0,0,1030.301,0,0,0,0,0,0,0,0,0,0,0,0,0,1.48025,0,0,0,0,0,0,0,0,0,0
NED,ams52,52.32674,4.86446,18264,01/05/2016 01:00,01/06/2018 00:00,4.93868,4.93868,0,1465.308,1465.308,0,0,0,0,0,0,0,0,1,-999,nan,0,0,0,0,0,0,0,0.13141,0,0,0,0,0,0,0,0,0,0,0,0,1.44547,0,0,0,0,0,0,0,0,0,0,1465.308,0,0,0,0,0,0,0,0,0,0,0,0,0,2.27461,0,0,0,0,0,0,0,0,0,0
NED,ams53,52.31161,4.86624,18264,01/05/2016 01:00,01/06/2018 00:00,0.00548,0.00548,0,1480.155,1480.155,0,0,0,0,0,0,0,0,0,-999,nan,0,0,0,0,0,0,0,0.26281,0,0,0,0,0,0,0,0,0,0,0,0,0,0,0,0,0,0,0,0,0,0,0,1480.155,0,0,0,0,0,0,0,0,0,0,0,0,0,0,0,0,0,0,0,0,0,0,0,0
NED,ams54,52.36862,4.86642,18264,01/05/2016 01:00,01/06/2018 00:00,3.96408,3.96408,0,1665.692,1665.692,0,0,0,0,0,0,0,0,0,-999,nan,0,0,0,0,0,0,0,0.13141,0,0,0,0,0,0,0,0,0,0,0,0,0.26281,0,0,0,0,0,0,0,0,0,0,1665.692,0,0,0,0,0,0,0,0,0,0,0,0,0,0.84283,0,0,0,0,0,0,0,0,0,0
NED,ams55,52.3653,4.86822,18264,01/05/2016 01:00,01/06/2018 00:00,0.52015,0.52015,0,1426.928,1426.928,0,0,0,0,0,0,0,0,0,-999,nan,0,0,0,0,0,0,0,0,0,0,0,0,0,0,0,0,0,0,0,0,0.13141,0,0,0,0,0,0,0,0,0,0,1426.928,0,0,0,0,0,0,0,0,0,0,0,0,0,0.40345,0,0,0,0,0,0,0,0,0,0
NED,ams56,52.31142,4.87009,18264,01/05/2016 01:00,01/06/2018 00:00,36.11476,36.39947,0.28471,978.502,970.58553,0.80904,0,0,0,0,1,0,0,2,-999,nan,0,0,0,0,0,0,0,0.13141,0,0,0,0,0,0,0,0,0,0,0,0,0,0,0,0,0,0,0,0,0,0,0,970.58553,0,0,0,0,0,0,0,0,0,0,0,0,0,0,0,0,0,0,0,0,0,0,0,0
NED,ams57,52.33606,4.87242,18264,01/05/2016 01:00,01/06/2018 00:00,31.09396,31.09396,0,903.041,903.041,0,0,0,0,0,0,0,0,1,-999,nan,0,0,0,0,0,0,0,0,0,0,0,0,0,0,0,0,0,0,0,0,0,0,0,0,0,0,0,0,0,0,0,903.041,0,0,0,0,0,0,0,0,0,0,0,0,0,0,0,0,0,0,0,0,0,0,0,0
NED,ams58,52.36694,4.87466,18264,01/05/2016 01:00,01/06/2018 00:00,51.80683,51.80683,0,1157.763,1157.763,0,0,0,0,0,0,0,0,1,-999,nan,0,0,0,0,0,0,0,0,0,0,0,0,0,0,0,0,0,0,0,0,0.39422,0,0,0,0,0,0,0,0,0,0,1157.763,0,0,0,0,0,0,0,0,0,0,0,0,0,0.63683,0,0,0,0,0,0,0,0,0,0
NED,ams59,52.34567,4.87657,18264,01/05/2016 01:00,01/06/2018 00:00,6.45532,6.45532,0,537.623,537.623,0,1,0,0,0,0,0,0,1,-999,nan,0,0,0,0,0,0,0,0,0,0,0,0,0,0,0,0,0,0,0,0,0.13141,0,0,0,0,0,0,0,0,0,0,537.623,0,0,0,0,0,0,0,0,0,0,0,0,0,2.08529,0,0,0,0,0,0,0,0,0,0
NED,ams6,52.29778,4.6786,18264,01/05/2016 01:00,01/06/2018 00:00,9.63644,9.63644,0,1799.271,1799.46658,0.01087,0,0,0,0,0,0,0,2,-999,nan,0,0,0,0,0,0,0,0,0,0,0,0,0,0,0,0,0,0,0,0,0.65703,0,0,0,0,0,0,0,0,0,0,1799.46658,0,0,0,0,0,0,0,0,0,0,0,0,0,1.49924,0,0,0,0,0,0,0,0,0,0
NED,ams60,52.36187,4.87792,18264,01/05/2016 01:00,01/06/2018 00:00,41.2615,41.2615,0,869.509,869.509,0,0,0,0,0,0,0,0,1,-999,nan,0,0,0,0,0,0,0,0.13141,0,0,0,0,0,0,0,0,0,0,0,0,0.39422,0,0,0,0,0,0,0,0,0,0,869.509,0,0,0,0,0,0,0,0,0,0,0,0,0,0.78987,0,0,0,0,0,0,0,0,0,0
NED,ams61,52.37742,4.87794,18264,01/05/2016 01:00,01/06/2018 00:00,41.70499,76.15528,34.45028,154.429,154.429,0,2,1,1,1,1,0,0,1,-999,nan,0,0,0,0,0,0,0,0,0,0,0,0,0,0,0,0,0,0,0,34.07797,0,0,0,0,0,0,0,0,0,0,0,154.429,0,0,0,0,0,0,0,0,0,0,0,0,0,0,0,0,0,0,0,0,0,0,0,0
NED,ams62,52.35444,4.87899,18264,01/05/2016 01:00,01/06/2018 00:00,60.27705,60.27705,0,768.812,768.812,0,0,0,0,0,0,0,0,2,-999,nan,0,0,0,0,0,0,0,0,0,0,0,0,0,0,0,0,0,0,0,0,0.13141,0,0,0,0,0,0,0,0,0,0,768.812,0,0,0,0,0,0,0,0,0,0,0,0,0,1.30058,0,0,0,0,0,0,0,0,0,0
NED,ams63,52.3766,4.88051,18264,01/05/2016 01:00,01/06/2018 00:00,0.01643,0.01643,0,1135.846,1135.846,0,0,0,0,0,0,0,0,0,-999,nan,0,0,0,0,0,0,0,0,0,0,0,0,0,0,0,0,0,0,0,0,0.39422,0,0,0,0,0,0,0,0,0,0,1135.846,0,0,0,0,0,0,0,0,0,0,0,0,0,1.06705,0,0,0,0,0,0,0,0,0,0
NED,ams64,52.30656,4.88236,18264,01/05/2016 01:00,01/06/2018 00:00,61.60753,61.60753,0,679.629,679.629,0,1,0,0,0,0,0,0,2,-999,nan,0,0,0,0,0,0,0,0,0,0,0,0,0,0,0,0,0,0,0,0,0,0,0,0,0,0,0,0,0,0,0,679.629,0,0,0,0,0,0,0,0,0,0,0,0,0,0,0,0,0,0,0,0,0,0,0,0
NED,ams65,52.34712,4.88541,18264,01/05/2016 01:00,01/06/2018 00:00,24.35392,24.35392,0,1071.206,1071.206,0,0,0,0,0,0,0,0,0,-999,nan,0,0,0,0,0,0,0,0,0,0,0,0,0,0,0,0,0,0,0,0,0.52562,0,0,0,0,0,0,0,0,0,0,1071.206,0,0,0,0,0,0,0,0,0,0,0,0,0,0.05657,0,0,0,0,0,0,0,0,0,0
NED,ams66,52.34715,4.88565,18264,01/05/2016 01:00,01/06/2018 00:00,76.659,76.659,0,356.429,356.429,0,0,0,0,0,0,0,0,0,-999,nan,0,0,0,0,0,0,0,0,0,0,0,0,0,0,0,0,0,0,0,0,0,0,0,0,0,0,0,0,0,0,0,356.429,0,0,0,0,0,0,0,0,0,0,0,0,0,0,0,0,0,0,0,0,0,0,0,0
NED,ams67,52.36432,4.88635,18264,01/05/2016 01:00,01/06/2018 00:00,46.99956,46.99956,0,520.453,520.453,0,0,0,0,0,0,0,0,1,-999,nan,0,0,0,0,0,0,0,0,0,0,0,0,0,0,0,0,0,0,0,0,0,0,0,0,0,0,0,0,0,0,0,520.453,0,0,0,0,0,0,0,0,0,0,0,0,0,0,0,0,0,0,0,0,0,0,0,0
NED,ams68,52.42059,4.88707,18264,01/05/2016 01:00,01/06/2018 00:00,1.00745,1.06767,0.06023,1614.485,1436.523,11.02283,0,0,0,0,0,0,0,0,-999,nan,1,0,0,0.13141,0,0,0,0.13141,0,0,0,0,0,0,0,0,0,0.01095,0.00548,0,0.39422,0,0,0,0,0,0,0,0,0,0,1436.523,0.16874,0,0,0,0,0,0,0,0,0,0,0,0,0.54138,0,0,0,0,0,0,0,0,0,0
NED,ams69,52.39224,4.89068,18264,01/05/2016 01:00,01/06/2018 00:00,67.67411,67.67411,0,814.06,814.06,0,0,0,0,0,0,0,0,1,-999,nan,0,0,0,0,0,0,0,0,0,0,0,0,0,0,0,0,0,0,0,0,0.13141,0,0,0,0,0,0,0,0,0,0,814.06,0,0,0,0,0,0,0,0,0,0,0,0,0,1.71216,0,0,0,0,0,0,0,0,0,0
NED,ams7,52.29693,4.67881,18264,01/05/2016 01:00,01/06/2018 00:00,0.69536,0.69536,0,1185.033,1185.033,0,0,0,0,0,0,0,0,0,-999,nan,0,0,0,0,0,0,0,0.13141,0,0,0,0,0,0,0,0,0,0,0,0,0.13141,0,0,0,0,0,0,0,0,0,0,1185.033,0,0,0,0,0,0,0,0,0,0,0,0,0,0.77559,0,0,0,0,0,0,0,0,0,0
NED,ams70,52.37126,4.89148,18264,01/05/2016 01:00,01/06/2018 00:00,10.52891,10.52891,0,1518.333,1518.333,0,0,0,0,0,0,0,0,1,-999,nan,0,0,0,0,0,0,0,0,0,0,0,0,0,0,0,0,0,0,0,0,0.13141,0,0,0,0,0,0,0,0,0,0,1518.333,0,0,0,0,0,0,0,0,0,0,0,0,0,0.64525,0,0,0,0,0,0,0,0,0,0
NED,ams71,52.38483,4.8919,18264,01/05/2016 01:00,01/06/2018 00:00,0.01643,13.81406,13.79763,808.606,808.606,0,0,0,0,0,0,0,0,0,-999,nan,0,0,0,0,0,0,0,0,0,0,0,0,0,0,0,0,0,0,0,13.79763,0.13141,0,0,0,0,0,0,0,0,0,0,808.606,0,0,0,0,0,0,0,0,0,0,0,0,0,1.38646,0,0,0,0,0,0,0,0,0,0
NED,ams72,52.29568,4.89308,18264,01/05/2016 01:00,01/06/2018 00:00,12.11673,12.11673,0,1426.928,1426.928,0,0,0,0,0,0,0,0,0,-999,nan,0,0,0,0,0,0,0,0,0,0,0,0,0,0,0,0,0,0,0,0,0.39422,0,0,0,0,0,0,0,0,0,0,1426.928,0,0,0,0,0,0,0,0,0,0,0,0,0,0.48839,0,0,0,0,0,0,0,0,0,0
NED,ams73,52.33832,4.89512,18264,01/05/2016 01:00,01/06/2018 00:00,5.52453,5.52453,0,1301.385,1301.385,0,0,0,0,0,0,0,0,0,-999,nan,0,0,0,0,0,0,0,0,0,0,0,0,0,0,0,0,0,0,0,0,0.78844,0,0,0,0,0,0,0,0,0,0,1301.385,0,0,0,0,0,0,0,0,0,0,0,0,0,2.38262,0,0,0,0,0,0,0,0,0,0
NED,ams74,52.37022,4.89517,18264,01/05/2016 01:00,01/06/2018 00:00,80.54095,100,19.45905,7.272,0,100,2,1,0,0,2,0,0,0,-999,nan,0,0,1,0,0,0,0,0,0,0,0,0,0,0,0,0,0,0,0,17.17039,0,0,0,0,0,0,0,0,0,0,0,0,nan,nan,nan,nan,nan,nan,nan,nan,0,0,nan,nan,nan,nan,nan,nan,nan,nan,nan,nan,nan,nan,nan,nan
NED,ams75,52.30417,4.89688,18264,01/05/2016 01:00,01/06/2018 00:00,20.6417,20.6417,0,1105.445,1105.445,0,0,0,0,0,0,0,0,0,-999,nan,0,0,0,0,0,0,0,0.13141,0,0,0,0,0,0,0,0,0,0,0,0,0.78844,0,0,0,0,0,0,0,0,0,0,1105.445,0,0,0,0,0,0,0,0,0,0,0,0,0,0.06396,0,0,0,0,0,0,0,0,0,0
NED,ams76,52.34771,4.89704,18264,01/05/2016 01:00,01/06/2018 00:00,19.42619,19.42619,0,949.905,949.905,0,0,0,0,0,0,0,0,1,-999,nan,0,0,0,0,0,0,0,0,0,0,0,0,0,0,0,0,0,0,0,0,0,0,0,0,0,0,0,0,0,0,0,949.905,0,0,0,0,0,0,0,0,0,0,0,0,0,0,0,0,0,0,0,0,0,0,0,0
NED,ams77,52.34741,4.89704,18264,01/05/2016 01:00,01/06/2018 00:00,90.74135,90.74135,0,131.401,131.401,0,0,0,0,0,0,0,0,1,-999,nan,0,0,0,0,0,0,0,0,0,0,0,0,0,0,0,0,0,0,0,0,0,0,0,0,0,0,0,0,0,0,0,131.401,0,0,0,0,0,0,0,0,0,0,0,0,0,0,0,0,0,0,0,0,0,0,0,0
NED,ams78,52.35736,4.89852,18264,01/05/2016 01:00,01/06/2018 00:00,4.65944,4.65944,0,1292.194,1292.194,0,0,0,0,0,0,0,0,2,-999,nan,0,0,0,0,0,0,0,0.13141,0,0,0,0,0,0,0,0,0,0,0,0,0,0,0,0,0,0,0,0,0,0,0,1292.194,0,0,0,0,0,0,0,0,0,0,0,0,0,0,0,0,0,0,0,0,0,0,0,0
NED,ams79,52.42249,4.89945,18264,01/05/2016 01:00,01/06/2018 00:00,6.16513,6.16513,0,1487.225,1487.225,0,0,0,0,0,0,0,0,0,-999,nan,0,0,0,0,0,0,0,0,0,0,0,0,0,0,0,0,0,0,0,0,0.13141,0,0,0,0,0,0,0,0,0,0,1487.225,0,0,0,0,0,0,0,0,0,0,0,0,0,0.88964,0,0,0,0,0,0,0,0,0,0
NED,ams8,52.2935,4.69142,18264,01/05/2016 01:00,01/06/2018 00:00,3.61914,3.61914,0,1760.935,1760.935,0,0,0,0,0,0,0,0,0,-999,nan,0,0,0,0,0,0,0,0,0,0,0,0,0,0,0,0,0,0,0,0,0.13141,0,0,0,0,0,0,0,0,0,0,1760.935,0,0,0,0,0,0,0,0,0,0,0,0,0,0.51047,0,0,0,0,0,0,0,0,0,0
NED,ams80,52.36302,4.89971,18264,01/05/2016 01:00,01/06/2018 00:00,35.3975,46.2385,10.841,772.044,772.044,0,1,1,0,0,0,0,0,1,-999,nan,0,0,0,0,0,0,0,0,0,0,0,0,0,0,0,0,0,0,0,10.841,0.13141,0,0,0,0,0,0,0,0,0,0,772.044,0,0,0,0,0,0,0,0,0,0,0,0,0,0.96808,0,0,0,0,0,0,0,0,0,0
NED,ams81,52.29628,4.89985,18264,01/05/2016 01:00,01/06/2018 00:00,11.58563,11.58563,0,1221.999,1221.999,0,0,0,0,0,0,0,0,1,-999,nan,0,0,0,0,0,0,0,0.13141,0,0,0,0,0,0,0,0,0,0,0,0,0.39422,0,0,0,0,0,0,0,0,0,0,1221.999,0,0,0,0,0,0,0,0,0,0,0,0,0,0.62815,0,0,0,0,0,0,0,0,0,0
NED,ams82,52.43034,4.90038,18264,01/05/2016 01:00,01/06/2018 00:00,35.90123,35.90123,0,1052.824,1052.824,0,0,0,0,0,0,0,0,0,-999,nan,0,0,0,0,0,0,0,0.26281,0,0,0,0,0,0,0,0,0,0,0,0,0,0,0,0,0,0,0,0,0,0,0,1052.824,0,0,0,0,0,0,0,0,0,0,0,0,0,0,0,0,0,0,0,0,0,0,0,0
NED,ams83,52.37586,4.90048,18264,01/05/2016 01:00,01/06/2018 00:00,3.81625,52.06417,48.24792,105.646,105.646,0,3,3,1,1,1,0,0,1,-999,nan,0,0,0,0,0,0,0,0,0,0,0,0,0,0,0,0,0,0,0,48.24792,0.26281,10.06351,0,0,0.26281,0,0,0,0,0,0,105.646,0,0,0,0,0,0,0,0,0,0,0,0,0,25.52581,25.52581,0,0,25.52581,0,0,0,0,0,0
NED,ams84,52.38522,4.90091,18264,01/05/2016 01:00,01/06/2018 00:00,1.92181,1.99299,0.07118,2259.976,2217.758,1.86807,0,0,0,0,0,0,0,0,-999,nan,1,0,0,0,0,0,0,0,0,0,0,0,0,0,0,0,0,0.07118,0,0,0.65703,0,0,0,0,0,0,0,0,0,0,2217.758,0,0,0,0,0,0,0,0,0,0,0,0,0,1.82166,0,0,0,0,0,0,0,0,0,0
NED,ams85,52.40347,4.90279,18264,01/05/2016 01:00,01/06/2018 00:00,25.91437,25.91437,0,1201.395,1201.395,0,0,0,0,0,0,0,0,3,-999,nan,0,0,0,0,0,0,0,0,0,0,0,0,0,0,0,0,0,0,0,0,0,0,0,0,0,0,0,0,0,0,0,1201.395,0,0,0,0,0,0,0,0,0,0,0,0,0,0,0,0,0,0,0,0,0,0,0,0
NED,ams86,52.35291,4.90388,18264,01/05/2016 01:00,01/06/2018 00:00,9.51051,9.51051,0,1629.938,1629.938,0,0,0,0,0,0,0,0,2,-999,nan,0,0,0,0,0,0,0,0.26281,0,0,0,0,0,0,0,0,0,0,0,0,0,0,0,0,0,0,0,0,0,0,0,1629.938,0,0,0,0,0,0,0,0,0,0,0,0,0,0,0,0,0,0,0,0,0,0,0,0
NED,ams87,52.3132,4.90517,18264,01/05/2016 01:00,01/06/2018 00:00,29.63206,29.63206,0,1266.944,1266.944,0,0,0,0,0,0,0,0,1,-999,nan,0,0,0,0,0,0,0,0.26281,0,0,0,0,0,0,0,0,0,0,0,0,0,0,0,0,0,0,0,0,0,0,0,1266.944,0,0,0,0,0,0,0,0,0,0,0,0,0,0,0,0,0,0,0,0,0,0,0,0
NED,ams88,52.4288,4.9059,18264,01/05/2016 01:00,01/06/2018 00:00,2.88546,2.88546,0,1466.824,1467.03678,0.01451,0,0,0,0,0,0,0,0,-999,nan,0,0,0,0,0,0,0,0,0,0,0,0,0,0,0,0,0,0,0,0,0.13141,0,0,0,0,0,0,0,0,0,0,1467.03678,0,0,0,0,0,0,0,0,0,0,0,0,0,0.68875,0,0,0,0,0,0,0,0,0,0
NED,ams89,52.2919,4.90656,18264,01/05/2016 01:00,01/06/2018 00:00,85.288,85.288,0,276.942,276.942,0,0,0,0,0,0,0,0,0,-999,nan,0,0,0,0,0,0,0,0,0,0,0,0,0,0,0,0,0,0,0,0,0,0,0,0,0,0,0,0,0,0,0,276.942,0,0,0,0,0,0,0,0,0,0,0,0,0,0,0,0,0,0,0,0,0,0,0,0
NED,ams9,52.2942,4.69311,18264,01/05/2016 01:00,01/06/2018 00:00,25.31209,25.31209,0,1202.001,1202.001,0,0,0,0,0,0,0,0,1,-999,nan,0,0,0,0,0,0,0,0,0,0,0,0,0,0,0,0,0,0,0,0,0.39422,0,0,0,0,0,0,0,0,0,0,1202.001,0,0,0,0,0,0,0,0,0,0,0,0,0,2.19309,0,0,0,0,0,0,0,0,0,0
NED,ams90,52.29107,4.90671,18264,01/05/2016 01:00,01/06/2018 00:00,18.04095,18.04095,0,1556.41,1556.41,0,0,0,0,0,0,0,0,0,-999,nan,0,0,0,0,0,0,0,0.13141,0,0,0,0,0,0,0,0,0,0,0,0,0.13141,0,0,0,0,0,0,0,0,0,0,1556.41,0,0,0,0,0,0,0,0,0,0,0,0,0,0.44127,0,0,0,0,0,0,0,0,0,0
NED,ams91,52.34385,4.90721,18264,01/05/2016 01:00,01/06/2018 00:00,39.28493,39.28493,0,708.414,708.414,0,0,0,0,0,0,0,0,0,-999,nan,0,0,0,0,0,0,0,0,0,0,0,0,0,0,0,0,0,0,0,0,0.26281,0,0,0,0,0,0,0,0,0,0,708.414,0,0,0,0,0,0,0,0,0,0,0,0,0,1.86769,0,0,0,0,0,0,0,0,0,0
NED,ams92,52.29589,4.90941,18264,01/05/2016 01:00,01/06/2018 00:00,14.33968,36.61848,22.2788,386.022,386.022,0,2,0,0,0,0,0,0,1,-999,nan,0,0,0,0,0,0,0,0,0,0,0,0,0,0,0,0,0,0,0,22.2788,0,0,0,0,0,0,0,0,0,0,0,386.022,0,0,0,0,0,0,0,0,0,0,0,0,0,0,0,0,0,0,0,0,0,0,0,0
NED,ams93,52.3423,4.90966,18264,01/05/2016 01:00,01/06/2018 00:00,33.84253,33.84253,0,510.454,510.454,0,0,0,0,0,0,0,0,0,-999,nan,0,0,0,0,0,0,0,0,0,0,0,0,0,0,0,0,0,0,0,0,0,0,0,0,0,0,0,0,0,0,0,510.454,0,0,0,0,0,0,0,0,0,0,0,0,0,0,0,0,0,0,0,0,0,0,0,0
NED,ams94,52.37053,4.91119,18264,01/05/2016 01:00,01/06/2018 00:00,30.85852,30.85852,0,1433.493,1433.493,0,0,0,0,0,0,0,0,0,-999,nan,0,0,0,0,0,0,0,0.13141,0,0,0,0,0,0,0,0,0,0,0,0,0,0,0,0,0,0,0,0,0,0,0,1433.493,0,0,0,0,0,0,0,0,0,0,0,0,0,0,0,0,0,0,0,0,0,0,0,0
NED,ams95,52.29107,4.91129,18264,01/05/2016 01:00,01/06/2018 00:00,64.10972,64.10972,0,785.982,785.982,0,0,0,0,0,0,0,0,2,-999,nan,0,0,0,0,0,0,0,0,0,0,0,0,0,0,0,0,0,0,0,0,0,0,0,0,0,0,0,0,0,0,0,785.982,0,0,0,0,0,0,0,0,0,0,0,0,0,0,0,0,0,0,0,0,0,0,0,0
NED,ams96,52.38675,4.9165,18264,01/05/2016 01:00,01/06/2018 00:00,89.40539,89.40539,0,313.302,313.302,0,0,0,0,0,0,0,0,0,-999,nan,0,0,0,0,0,0,0,0,0,0,0,0,0,0,0,0,0,0,0,0,0.13141,0,0,0,0,0,0,0,0,0,0,313.302,0,0,0,0,0,0,0,0,0,0,0,0,0,1.86976,0,0,0,0,0,0,0,0,0,0
NED,ams97,52.38964,4.91687,18264,01/05/2016 01:00,01/06/2018 00:00,13.60053,13.60053,0,1258.662,1258.662,0,0,0,0,0,0,0,0,2,-999,nan,0,0,0,0,0,0,0,0.13141,0,0,0,0,0,0,0,0,0,0,0,0,0.65703,0,0,0,0,0,0,0,0,0,0,1258.662,0,0,0,0,0,0,0,0,0,0,0,0,0,1.53266,0,0,0,0,0,0,0,0,0,0
NED,ams98,52.29942,4.91849,18264,01/05/2016 01:00,01/06/2018 00:00,50.50372,50.50372,0,975.862,975.862,0,0,0,0,0,0,0,0,0,-999,nan,0,0,0,0,0,0,0,0,0,0,0,0,0,0,0,0,0,0,0,0,0,0,0,0,0,0,0,0,0,0,0,975.862,0,0,0,0,0,0,0,0,0,0,0,0,0,0,0,0,0,0,0,0,0,0,0,0
NED,ams99,52.35689,4.91953,18264,01/05/2016 01:00,01/06/2018 00:00,31.4389,50.81581,19.37692,1081.811,1081.811,0,1,1,1,1,1,0,0,1,-999,nan,0,0,0,0,0,0,0,0.13141,0,0,0,0,0,0,0,0,0,0,0,13.83049,0.26281,0,0,0,0,0,0,0,0,0,0,1081.811,0,0,0,0,0,0,0,0,0,0,0,0,0,0.01867,0,0,0,0,0,0,0,0,0,0
